species,bird_group,United_Kingdom,Vietnam,Australia,New_Zealand,Indonesia,Malaysia,Thailand,Spain,Comments,Image_link,Favourites
Arctic Tern,,TRUE,,,,,,,,,https://cdn.download.ams.birds.cornell.edu/api/v1/asset/308404421/1800,
Ashy Bulbul,Bulbuls,,TRUE,,,,,,,,https://cdn.download.ams.birds.cornell.edu/api/v1/asset/547919691/1800,
Ashy Woodswallow,Hirundines,,,,,,,TRUE,,,https://cdn.download.ams.birds.cornell.edu/api/v1/asset/133719971/1800,
Asian Fairy Bluebird,,,,,,,,TRUE,,,https://cdn.download.ams.birds.cornell.edu/api/v1/asset/300066481/,TRUE
Asian Glossy Starling,Corvids Starlings and Thrushes,,,,,,TRUE,,,,https://cdn.download.ams.birds.cornell.edu/api/v1/asset/158502461/1800,
Asian Koel,,,,,,,,TRUE,,,https://zolimacitymag.com/wp-content/uploads/2021/03/Asian-Koel_feeding_Meera-Jhogasundram_zolima-citymag.jpg,TRUE
Asian Openbill,,,,,,,,TRUE,,,https://cdn.download.ams.birds.cornell.edu/api/v1/asset/133718611/1800,TRUE
Asian Palm Swift,Hirundines,,TRUE,,,,,,,,https://cdn.download.ams.birds.cornell.edu/api/v1/asset/126573081/1800,
Asian Pied Starling,Corvids Starlings and Thrushes,,,,,,,TRUE,,,https://cdn.download.ams.birds.cornell.edu/api/v1/asset/133719541/1800,
Atlantic Puffin,,TRUE,,,,,,,,,https://cdn.download.ams.birds.cornell.edu/api/v1/asset/302851271/900,TRUE
Australasian Gannet,,,,,TRUE,,,,,,https://cdn.download.ams.birds.cornell.edu/api/v1/asset/116562371/1800,
Australasian Swamp Hen ,Crakes and Rails,,,TRUE,,,,,,,https://cdn.download.ams.birds.cornell.edu/api/v1/asset/117373331/1800,
Australian Brush Turkey,,,,TRUE,,,,,,,https://cdn.download.ams.birds.cornell.edu/api/v1/asset/121407271/1800,TRUE
Australian Magpie,Corvids Starlings and Thrushes,,,TRUE,,,,,,,https://cdn.download.ams.birds.cornell.edu/api/v1/asset/117501201/1800,
Australian Pelican ,,,,TRUE,,,,,,,https://media.australian.museum/media/dd/images/australian_pelicans.f03ba4a.width-800.a91c827.jpg,TRUE
Australian Pied Cormorant,Cormorants and Shags,,,TRUE,,,,,,,https://cdn.download.ams.birds.cornell.edu/api/v1/asset/116569241/1800,
Australian Raven,Corvids Starlings and Thrushes,,,TRUE,,,,,,,https://cdn.download.ams.birds.cornell.edu/api/v1/asset/125819411/1800,
Australian Swiftlet,Hirundines,,,TRUE,,,,,,,https://cdn.download.ams.birds.cornell.edu/api/v1/asset/298762681/,
Australian White Ibis,,,,TRUE,,,,,,,https://particle.scitech.org.au/wp-content/uploads/2021/12/GettyImages-1069611670-1.jpg,TRUE
Australian Wood Duck,Ducks Geese and Swans,,,TRUE,,,,,,,https://cdn.download.ams.birds.cornell.edu/api/v1/asset/121404661/1800,
Avocet,Waders,TRUE,,,,,,,,,https://base-prod.rspb-prod.magnolia-platform.com/dam/jcr:18599eb9-d9c6-48d7-8e67-5f48758d605e/2271605061-Species-avocet-stood-in-shallow-water.jpg,
Azure Kingfisher,Kingfishers,,,TRUE,,,,,,,https://cdn.download.ams.birds.cornell.edu/api/v1/asset/121680561/1800,
Bar Shouldered Dove,Doves and Pigeons,,,TRUE,,,,,,,https://cdn.download.ams.birds.cornell.edu/api/v1/asset/122178741/1800,
Bar Tailed Godwit,Waders,TRUE,,,TRUE,,,,,,https://cdn.download.ams.birds.cornell.edu/api/v1/asset/46320861/900,
Bar Winged Flycatcher Shrike,,,,,,,,TRUE,,,https://2.bp.blogspot.com/-OwxO9jmBdVM/WfCM5GxNaYI/AAAAAAAASQk/P0pBgUmCGaIm42Q3XR4Up-sl4e-ItkYVQCLcBGAs/s1600/Bar-winged%2Bflycatcher-shrike%2B-%2BHemipus%2Bpicatus3.jpg,TRUE
Barn Owl,,TRUE,,,,,,,,,https://cdn.download.ams.birds.cornell.edu/api/v1/asset/297342421/1800,
Barn Swallow,Hirundines,TRUE,,,,,,,TRUE,,https://inaturalist-open-data.s3.amazonaws.com/photos/122469139/large.jpg,
Barnacle Goose,Ducks Geese and Swans,TRUE,,,,,,,,,https://upload.wikimedia.org/wikipedia/commons/f/f5/Barnacle-Goose.jpg,
Bittern,Herons and Egrets,TRUE,,,,,,,,,https://base-prod.rspb-prod.magnolia-platform.com/dam/jcr:495fb6ee-2910-4e9e-989c-a6469d1d417d/274927397-Species-Bittern-stalking-prey-in-the-reed-lined-lake.jpg,
Black and Red Broadbill,,,,,,,,TRUE,,,https://cdn.download.ams.birds.cornell.edu/api/v1/asset/221917761/1800,TRUE
Black Bittern,Herons and Egrets,,,TRUE,,,,,,,https://cdn.download.ams.birds.cornell.edu/api/v1/asset/145128521/1800,TRUE
Black Butcherbird,,,,TRUE,,,,,,,https://cdn.download.ams.birds.cornell.edu/api/v1/asset/61960641/,
Black Collared Starling,Corvids Starlings and Thrushes,,,,,,,TRUE,,,https://cdn.download.ams.birds.cornell.edu/api/v1/asset/158657451/1800,
Black Crested Bulbul,Bulbuls,,,,,,,TRUE,,,https://cdn.download.ams.birds.cornell.edu/api/v1/asset/85684471/,TRUE
Black Crowned Night Heron,Herons and Egrets,,,,,,,TRUE,,,https://cdn.download.ams.birds.cornell.edu/api/v1/asset/304988121/1800,TRUE
Black Headed Bulbul,Bulbuls,,,,,,,TRUE,,,https://cdn.download.ams.birds.cornell.edu/api/v1/asset/187385431/1800,
Black Headed Gull,Gulls and Terns,TRUE,,,,,,,,,https://base-prod.rspb-prod.magnolia-platform.com/dam/jcr:cc384178-0198-42d7-b897-90faca1117a5/1655873332-Species-Black-Headed-gull-stood-on-wall.jpg,
Black Kite,Birds of Prey,,TRUE,,,,,,,,https://cdn.download.ams.birds.cornell.edu/api/v1/asset/45127481/1800,
Black Naped Oriole,,,,,,,TRUE,,,,https://cdn.download.ams.birds.cornell.edu/api/v1/asset/147997061/1800,TRUE
Black Redstart,,TRUE,,,,,,,TRUE,,https://cdn.download.ams.birds.cornell.edu/api/v1/asset/44587591/1800,
Black Shouldered Kite,Birds of Prey,,,TRUE,,,,,,,https://cdn.download.ams.birds.cornell.edu/api/v1/asset/121538981/1800,TRUE
Black Swan,Ducks Geese and Swans,,,TRUE,TRUE,,,,,,https://upload.wikimedia.org/wikipedia/commons/0/0a/Black_Swan_2_-_Pitt_Town_Lagoon.jpg,
Black Tailed Godwit,Waders,TRUE,,,,,,,,,https://cdn.download.ams.birds.cornell.edu/api/v1/asset/300137231/1800,
Black Throated Sunbird,Sunbirds,,TRUE,,,,,,,,https://cdn.download.ams.birds.cornell.edu/api/v1/asset/187565151/1800,
Black Winged Stilt,Waders,,,,,,,TRUE,,,https://www.thainationalparks.com/img/species/2020/08/18/396059/black-winged-stilt-w-1500.jpg,
Blue Faced Honeyeater,Honeyeaters,,,TRUE,,,,,,,https://cdn.download.ams.birds.cornell.edu/api/v1/asset/125391221/1800,TRUE
Blue Tit,Tits,TRUE,,,,,,,,,https://upload.wikimedia.org/wikipedia/commons/8/86/Eurasian_blue_tit_Lancashire.jpg,
Brahminy Kite,Birds of Prey,,,TRUE,,,,,,,https://cdn.download.ams.birds.cornell.edu/api/v1/asset/121676231/1800,TRUE
Brent Goose,Ducks Geese and Swans,TRUE,,,,,,,,,https://base-prod.rspb-prod.magnolia-platform.com/dam/jcr:5e293292-50f9-4861-8526-f7ddb32a1262/1204134058-Species-Brent-Goose-Stood-in-meadow.jpg,
Brown Cuckoo Dove,Doves and Pigeons,,,TRUE,,,,,,,https://cdn.download.ams.birds.cornell.edu/api/v1/asset/238397511/,TRUE
Brown Throated Sunbird,Sunbirds,,,,,,TRUE,,,,https://cdn.download.ams.birds.cornell.edu/api/v1/asset/239021721/1800,TRUE
Brown Treecreeper,,,,TRUE,,,,,,,https://cdn.download.ams.birds.cornell.edu/api/v1/asset/123614961/1800,
Bullfinch,Sparrows and Finches,TRUE,,,,,,,,,https://base-prod.rspb-prod.magnolia-platform.com/dam/jcr:3c3f640d-e52d-4479-9925-055c0a2f20aa/1647840715-Species-Bullfinch-MALE-on-branch.jpg,
Bush Stone Curlew,Waders,,,TRUE,,,,,,,https://cdn.download.ams.birds.cornell.edu/api/v1/asset/122310541/1800,TRUE
Canada Goose,Ducks Geese and Swans,TRUE,,,TRUE,,,,,,https://upload.wikimedia.org/wikipedia/commons/4/40/Canada_goose_on_Seedskadee_NWR_%2827826185489%29.jpg,
Carrion Crow,Corvids Starlings and Thrushes,TRUE,,,,,,,,,https://base-prod.rspb-prod.magnolia-platform.com/dam/jcr:53533d89-9126-48eb-9ddd-68523c84b4dd/___1321804052-Species-Crow-Carrion-Crow-on-branch_1.9729622456807021118.jpg,
Caspian Tern,Gulls and Terns,,,,TRUE,,,,,,https://cdn.download.ams.birds.cornell.edu/api/v1/asset/308394951/1800,
Cattle Egret,Herons and Egrets,TRUE,,,,,,,,,https://cdn.download.ams.birds.cornell.edu/api/v1/asset/304971031/1800,
Cetti's Warbler,,TRUE,,,,,,,TRUE,,https://www.birdguides.com/cdn/gallery/birds/Cettisonmace2.jpg,
Chaffinch,Sparrows and Finches,TRUE,,,TRUE,,,,TRUE,,https://upload.wikimedia.org/wikipedia/commons/thumb/a/ab/Chaffinch_%28Fringilla_coelebs%29.jpg/1200px-Chaffinch_%28Fringilla_coelebs%29.jpg,
Chestnut Breasted Malkoha,,,,,,TRUE,,,,,https://cdn.download.ams.birds.cornell.edu/api/v1/asset/148175621/,TRUE
Chiffchaff,,TRUE,,,,,,,,,https://cdn.download.ams.birds.cornell.edu/api/v1/asset/256567401/1800,
Coal Tit,Tits,TRUE,,,,,,,TRUE,,https://cdn.download.ams.birds.cornell.edu/api/v1/asset/256190791/1800,
Collared Dove,Doves and Pigeons,TRUE,,,,,,,TRUE,,https://cdn.download.ams.birds.cornell.edu/api/v1/asset/203565681/1800,
Collared Kingfisher,Kingfishers,,,,,TRUE,,,,,https://cdn.download.ams.birds.cornell.edu/api/v1/asset/146400601/1800,
Common Blackbird,Corvids Starlings and Thrushes,TRUE,,TRUE,,,,,TRUE,,https://cdn.download.ams.birds.cornell.edu/api/v1/asset/44584641/1800,
Common Buzzard,Birds of Prey,TRUE,,,,,,,,,https://dnu7gk7p9afoo.cloudfront.net/Blog/buzzard1-w800h600.jpg,
Common Iora,,,,,,,TRUE,,,,https://cdn.download.ams.birds.cornell.edu/api/v1/asset/593208311/1200,
Common Kingfisher,Kingfishers,TRUE,,,,,,,,,https://cdn.download.ams.birds.cornell.edu/api/v1/asset/255124391/1800,
Common Moorhen,,TRUE,,,,,,,,,https://cdn.download.ams.birds.cornell.edu/api/v1/asset/45200941/1800,
Common Myna,,,,TRUE,,,,TRUE,,,https://upload.wikimedia.org/wikipedia/commons/3/3c/Acridotheres_tristis00.jpg,
Common Raven,Corvids Starlings and Thrushes,TRUE,,,,,,,,,https://www.nps.gov/articles/000/images/raven-CC-BY-NC-ND-2.jpg?maxwidth=1300&autorotate=false,
Common Redpoll,Sparrows and Finches,TRUE,,,,,,,,,https://cdn.download.ams.birds.cornell.edu/api/v1/asset/311370301/1800,
Common Redshank,Waders,TRUE,,,,,,,,,https://cdn.download.ams.birds.cornell.edu/api/v1/asset/168487331/1800,
Common Redstart,,TRUE,,,,,,,,,https://base-prod.rspb-prod.magnolia-platform.com/dam/jcr:634607a1-e0d2-466c-9aae-a14326b0be27/1708995958-Species-Redstart-MALE-Stood-on-branch-with-lichen.jpg,
Common Ringed Plover,Waders,TRUE,,,,,,,,,https://upload.wikimedia.org/wikipedia/commons/d/d2/Common_ringed_plover_%28Charadrius_hiaticula%29_Oppdal.jpg,
Common Sandpiper,Waders,TRUE,,,,,,,TRUE,,https://birdwatchireland.ie/app/uploads/2019/03/Common-Sandpiper-04-Ken-Kinsella.jpg,
Common Starling,Corvids Starlings and Thrushes,TRUE,,TRUE,,,,,,,https://cdn.download.ams.birds.cornell.edu/api/v1/asset/303929131/1800,
Common Swift,Hirundines,TRUE,,,,,,,TRUE,,https://upload.wikimedia.org/wikipedia/commons/b/be/Apus_apus_-Barcelona%2C_Spain-8_%281%29.jpg,
Coppersmith Barbet,,,,,,,,TRUE,,,https://cdn.download.ams.birds.cornell.edu/api/v1/asset/126555661/1800,
Cormorant,Cormorants and Shags,TRUE,,,,,,,,,https://birdaware.org/solent/wp-content/uploads/sites/2/2021/10/Cormorant-other-coastal-birds.jpg,
Crested Pigeon,Doves and Pigeons,,,TRUE,,,,,,,https://cdn.download.ams.birds.cornell.edu/api/v1/asset/122169901/1800,TRUE
Crested Serpent Eagle,Birds of Prey,,,,,,,TRUE,,,https://cdn.download.ams.birds.cornell.edu/api/v1/asset/85869891/1800,
Crested Tit,Tits,,,,,,,,TRUE,,https://www.bto.org/sites/default/files/birdfacts/00434_Crested%20Tit_Sarah%20Kelman.jpg,
Crimon Winged Woodpecker,,,,,,,TRUE,,,,https://cdn.download.ams.birds.cornell.edu/api/v1/asset/221152371/1800,TRUE
Curlew,Waders,TRUE,,,,,,,,,https://base-prod.rspb-prod.magnolia-platform.com/dam/jcr:36de1d9b-144a-4d55-8496-21173dd137e1/1887777883-Species-Curlew-Stood-in-water.jpg,
Dartford Warbler,Warblers,TRUE,,,,,,,,,https://cdn.download.ams.birds.cornell.edu/api/v1/asset/610068865/1800,
Dipper,,,,,,,,,,,https://base-prod.rspb-prod.magnolia-platform.com/dam/jcr:bd0a2fde-da8e-4abb-bb27-e979e36e233c/1657578130-Species-Dipper-Stood-on-stone-in-water.jpg,
Dunlin,Waders,TRUE,,,,,,,,,https://www.birdguides-cdn.com/cdn/articles/AGAMICurlewSandpiperNetherlandsArieOuwerkerkAO20090210125-1.jpg?&width=1200&height=630&mode=crop&format=webp&webp.quality=85&scale=down,
Dunnock,Sparrows and Finches,TRUE,,,,,,,,,https://base-prod.rspb-prod.magnolia-platform.com/dam/jcr:d5b17a53-265c-482a-954c-74d4b561a326/150006248-Species-Dunnock-on-twigs-in-tree.jpg,
Dusky Moorhen,Crakes and Rails,,,TRUE,,,,,,,https://cdn.download.ams.birds.cornell.edu/api/v1/asset/122302351/1800,
Eastern Cattle Egret,Herons and Egrets,,,TRUE,,TRUE,,,,,https://cdn.download.ams.birds.cornell.edu/api/v1/asset/42866641/1800,
Eastern Great Egret,Herons and Egrets,,,TRUE,,,,,,,https://upload.wikimedia.org/wikipedia/commons/0/06/Ardea_modesta.jpg,
Eastern Osprey,Birds of Prey,,,TRUE,,,,,,,https://cdn.download.ams.birds.cornell.edu/api/v1/asset/60320581/1800,
Eastern Reef Egret,Herons and Egrets,,,TRUE,,,,,,,https://cdn.download.ams.birds.cornell.edu/api/v1/asset/117370921/1800,
Eastern Spinebill,Honeyeaters,,,TRUE,,,,,,,https://upload.wikimedia.org/wikipedia/commons/f/fb/Acanthorhynchus_tenuirostris_-_Mogo_Campground.jpg,TRUE
Eastern Whipbird,,,,TRUE,,,,,,,https://cdn.download.ams.birds.cornell.edu/api/v1/asset/125654841/1800,TRUE
Egyptian Goose,Ducks Geese and Swans,TRUE,,,,,,,,,https://cdn.download.ams.birds.cornell.edu/api/v1/asset/46022201/1800,
Egyptian Vulture,Vultures,,,,,,,,TRUE,,https://cdn.download.ams.birds.cornell.edu/api/v1/asset/168727561/1800,
Eider,Ducks Geese and Swans,TRUE,,,,,,,,,https://base-prod.rspb-prod.magnolia-platform.com/dam/jcr:ab8e7136-aad6-4c05-b1fc-9402a032e72b/1600957048-Species-Eider-duck-MALE-on-water.jpg,
Eurasian Blackcap,Warblers,TRUE,,,,,,,TRUE,,https://www.birdspot.co.uk/wp-content/uploads/2017/08/blackcap.jpg,
Eurasian Coot,Crakes and Rails,TRUE,,TRUE,,,,,,,https://cdn.download.ams.birds.cornell.edu/api/v1/asset/44601541/1800,
Eurasian Hoopoe,,,,,,,,,TRUE,,https://cdn.download.ams.birds.cornell.edu/api/v1/asset/255121291/1800,
Eurasian Jay,Corvids Starlings and Thrushes,TRUE,,,,,,,TRUE,,https://cdn.download.ams.birds.cornell.edu/api/v1/asset/252253011/1800,
Eurasian Kestrel,Birds of Prey,TRUE,,,,,,,,,https://www.woodlandtrust.org.uk/media/3759/kestrel-hovering-alamyegknf1-david-chapman.jpg?center=0.51851851851851849,0.52719665271966532&mode=crop&heightratio=0.5622047244094488188976377953&width=647&rnd=132078456230000000,
Eurasian Skylark,,TRUE,,,,,,,TRUE,,https://cdn.download.ams.birds.cornell.edu/api/v1/asset/311380331/1800,
Eurasian Sparrowhawk,Birds of Prey,TRUE,,,,,,,,,https://cdn.download.ams.birds.cornell.edu/api/v1/asset/254927951/1800,
Eurasian Teal,Ducks Geese and Swans,TRUE,,,,,,,,,https://cdn.forumcomm.com/dims4/default/4fe9c23/2147483647/strip/true/crop/4680x3510+0+0/resize/1421x1066!/quality/90/?url=https%3A%2F%2Ffcc-cue-exports-brightspot.s3.us-west-2.amazonaws.com%2Fbemidjipioneer%2Fbinary%2Fanimal-4646309_binary_7177604.jpg,
Eurasian Wren,,TRUE,,,,,,,,,https://www.arkwildlife.co.uk/wp-content/uploads/2013/08/Wren.jpg,
European Goldfinch,Sparrows and Finches,TRUE,,,,,,,TRUE,,https://upload.wikimedia.org/wikipedia/commons/thumb/7/7c/Carduelis_carduelis_close_up.jpg/800px-Carduelis_carduelis_close_up.jpg,
European Robin,,TRUE,,,,,,,,,https://upload.wikimedia.org/wikipedia/commons/f/f3/Erithacus_rubecula_with_cocked_head.jpg,
European Shag,Cormorants and Shags,TRUE,,,,,,,,,https://upload.wikimedia.org/wikipedia/commons/6/63/Shag_Phalacrocorax_aristotelis.jpg,
Fan Tailed Cuckoo,,,,TRUE,,,,,,,https://cdn.download.ams.birds.cornell.edu/api/v1/asset/122298341/1800,TRUE
Fieldfare,Corvids Starlings and Thrushes,TRUE,,,,,,,,,https://base-prod.rspb-prod.magnolia-platform.com/dam/jcr:f4c504a5-3f7c-4beb-907c-52df91f2fb5a/2020730270-Species-Fieldfare-eating-berries-on-a-hawthorn.jpg,
Firecrest,,TRUE,,,,,,,,,,
Fluttering Shearwater,,,,,TRUE,,,,,,https://cdn.download.ams.birds.cornell.edu/api/v1/asset/116476711/1800,
Forest Kingfisher,Kingfishers,,,TRUE,,,,,,,https://cdn.download.ams.birds.cornell.edu/api/v1/asset/121682041/1800,
Fork Tailed Swift,Hirundines,,,,,TRUE,,,,,https://cdn.download.ams.birds.cornell.edu/api/v1/asset/142837391/1800,
Fulmar,Gulls and Terns,TRUE,,,,,,,,,https://cdn.download.ams.birds.cornell.edu/api/v1/asset/297628611/1800,
Gadwall,Ducks Geese and Swans,TRUE,,,,,,,,,https://upload.wikimedia.org/wikipedia/commons/9/9a/Gadwall-Anas-strepera.jpg,
Galah,Parrots and Cockatoos etc,,,TRUE,,,,,,,https://cdn.download.ams.birds.cornell.edu/api/v1/asset/122706091/1800,
Gannet,,TRUE,,,,,,,,,https://cdn.britannica.com/73/115373-050-C38C3434/gannet.jpg,
Garganey,Ducks Geese and Swans,TRUE,,,,,,,,,https://base-prod.rspb-prod.magnolia-platform.com/dam/jcr:f31ce172-f6d3-4cb2-862f-3aaf11c599ad/1070587454-Species-Garganey-MALE-Swimming-on-water.jpg,
Glossy Ibis,Waders,TRUE,,,,,,,,,https://cdn.download.ams.birds.cornell.edu/api/v1/asset/308505331/1800,
Goldcrest,,TRUE,,,,,,,,,https://voice.gardenbird.co.uk/wp-content/uploads/2017/03/Goldcrest-feature.jpg,
Golden Headed Cisticola,,,,,,TRUE,,,,,https://cdn.download.ams.birds.cornell.edu/api/v1/asset/300207401/1800,
Golden Plover,Waders,TRUE,,,,,,,,,https://cdn.download.ams.birds.cornell.edu/api/v1/asset/46039241/1800,
Goldeneye,Ducks Geese and Swans,TRUE,,,,,,,,,https://upload.wikimedia.org/wikipedia/commons/3/34/Common_Goldeneye_%28Bucephala_clangula%29.jpg,
Goosander,Ducks Geese and Swans,TRUE,,,,,,,,,https://base-prod.rspb-prod.magnolia-platform.com/dam/jcr:d7124a6f-f1e5-4920-a013-1706961918c7/1510945289-Species-Goosander-MALE-Swimming-on-water.jpg,
Great Black Backed Gull,Gulls and Terns,TRUE,,,,,,,,,https://base-prod.rspb-prod.magnolia-platform.com/dam/jcr:7f0f052c-016a-4f66-9e5a-28f4641f2f1f/235882981-Species-Great-Black-Backed-Gull-ADULT-Stood-on-rock.jpg,
Great Crested Grebe,Ducks Geese and Swans,TRUE,,,,,,,,,https://base-prod.rspb-prod.magnolia-platform.com/dam/jcr:86cd99f6-b2ad-4e89-9552-0679de5ad8dd/2254571241-Species-Great-Crested-Grebe-WINTER-Swimming.jpg,
Great Egret,Herons and Egrets,TRUE,,,,,,,,,https://cdn.download.ams.birds.cornell.edu/api/v1/asset/70610211/1800,
Great Iora,,,,,,,,TRUE,,,https://cdn.download.ams.birds.cornell.edu/api/v1/asset/177809201/1800,
Great Northern Diver,,TRUE,,,,,,,,,https://base-prod.rspb-prod.magnolia-platform.com/dam/jcr:7d81dacd-47ae-4479-bb9d-5a789ef85eed/681264343-Species-Great-Northern-Diver-ADULT-SUMMER-PLUMAGE_2%20adults-with-young-on-back.jpg,
Great Spotted Woodpecker,,TRUE,,,,,,,,,https://base-prod.rspb-prod.magnolia-platform.com/dam/jcr:1c54874a-df19-4a92-99d3-f219268e45b8/731053603-Species-Great-Spotted-Woodpecker-ADULT-MALE-On-mossy-log.jpg,
Great Tit,Tits,TRUE,,,,,,,TRUE,,https://images.birdfact.com/production/great-tit-bird.jpg?w=1200&h=900&q=80&fm=webp&fit=crop&crop=focalpoint&fp-x=0.5&fp-y=0.5&dm=1682250503&s=98e64068d7422567c85d24845fcbd9e1,
Greater Coucal,,,,,,,,TRUE,,,https://cdn.download.ams.birds.cornell.edu/api/v1/asset/126393221/1800,TRUE
Greater Crested Tern,Gulls and Terns,,,TRUE,,,,,,,https://cdn.download.ams.birds.cornell.edu/api/v1/asset/122568491/1800,TRUE
Greater Racket Tailed Drongo,,,,,,,,TRUE,,,https://cdn.download.ams.birds.cornell.edu/api/v1/asset/126547991/1800,TRUE
Green Oriole ,,,,TRUE,,,,,,,https://cdn.download.ams.birds.cornell.edu/api/v1/asset/125794871/1800,
Green Woodpecker,,TRUE,,,,,,,,,https://base-prod.rspb-prod.magnolia-platform.com/dam/jcr:fd821ce5-b093-48d3-9690-19a358271236/1712268277-Species-Green-Woodpecker-FEMALE-on-floor.jpg,
Greenfinch,Sparrows and Finches,TRUE,,,,,,,,,https://cdn.download.ams.birds.cornell.edu/api/v1/asset/44588041/1800,
Greenshank,Waders,TRUE,,,,,,,,,https://base-prod.rspb-prod.magnolia-platform.com/dam/jcr:6b427cd0-a50b-4c65-9083-d7e3e07c45d4/1887777874-Species-Greenshank-2-stood-with-reeds.jpg,
Grey Fantail,,,,TRUE,,,,,,,https://cdn.download.ams.birds.cornell.edu/api/v1/asset/125802171/1800,
Grey Headed Fish Eagle,Birds of Prey,,,,,,,TRUE,,,https://singaporebirds.com/wp-content/uploads/2021/07/grey-headed-fish-eagle-190926-120nd500-fyp_7019-n.jpg,
Grey Heron,Herons and Egrets,TRUE,,,,,,,TRUE,,https://cdn.download.ams.birds.cornell.edu/api/v1/asset/254741801/1800,
Grey Wagtail,,TRUE,,,,,,,TRUE,,https://cdn.download.ams.birds.cornell.edu/api/v1/asset/44950691/900,
Greylag Goose,Ducks Geese and Swans,TRUE,,,,,,,,,https://cdn.download.ams.birds.cornell.edu/api/v1/asset/162799271/1800,
Griffon Vulture,Vultures,,,,,,,,TRUE,,https://images.birdfact.com/production/griffon-vulture.jpg?w=1200&h=900&q=80&fm=webp&fit=crop&crop=focalpoint&fp-x=0.5&fp-y=0.5&dm=1617724028&s=14bcb8f3575981cdfbfb1f492e358f66,
Guillemot,,TRUE,,,,,,,,,https://base-prod.rspb-prod.magnolia-platform.com/dam/jcr:51fe5837-3ab4-4432-b2fc-9cfbc801c647/1121115950-Species-Guillemot-ADULT-SUMMER-stood-on-rock-with-sea.jpg,
Herring Gull,Gulls and Terns,TRUE,,,,,,,,,https://upload.wikimedia.org/wikipedia/commons/f/f2/Larus_argentatus01.jpg,
Hornbill Friarbird,,,,TRUE,,,,,,,https://cdn.download.ams.birds.cornell.edu/api/v1/asset/125406161/1800,TRUE
House Crow,Corvids Starlings and Thrushes,,,,,,TRUE,,,,https://cdn.download.ams.birds.cornell.edu/api/v1/asset/126364851/1800,
House Martin,Hirundines,TRUE,,,,,,,TRUE,,https://www.birdguides-cdn.com/cdn/gallery/birds/housemartin5.jpg?&width=1000,
House Sparrow,Sparrows and Finches,TRUE,,TRUE,,,,,,,https://upload.wikimedia.org/wikipedia/commons/9/9b/House_sparrow_male_in_Prospect_Park_%2853532%29.jpg,
House Swift,Hirundines,,,,,,,TRUE,,,https://cdn.download.ams.birds.cornell.edu/api/v1/asset/158679021/900,
Indian Peafowl,,TRUE,,TRUE,,,,,,,https://cdn.download.ams.birds.cornell.edu/api/v1/asset/97326781/1800,
Indian Pond Heron,Herons and Egrets,,TRUE,,,,,,,,https://cdn.download.ams.birds.cornell.edu/api/v1/asset/126568571/1800,
Jack Snipe,Waders,TRUE,,,,,,,,,https://upload.wikimedia.org/wikipedia/commons/thumb/c/c9/Jack_snipe.png/1200px-Jack_snipe.png,
Jackdaw,Corvids Starlings and Thrushes,TRUE,,,,,,,,,https://cdn.download.ams.birds.cornell.edu/api/v1/asset/45035361/1800,
Javan Kingfisher,Kingfishers,,,,,TRUE,,,,,https://cdn.download.ams.birds.cornell.edu/api/v1/asset/438434641/,TRUE
Javan Munia,Sparrows and Finches,,,,,TRUE,,,,,https://cdn.download.ams.birds.cornell.edu/api/v1/asset/321244021/,
Javan Myna,,,,,,TRUE,,TRUE,,,https://cdn.download.ams.birds.cornell.edu/api/v1/asset/158683931/1800,
Javan Pond Heron,Herons and Egrets,,,,,TRUE,,,,,https://cdn.download.ams.birds.cornell.edu/api/v1/asset/219753041/900,
Kākā,Parrots and Cockatoos etc,,,,TRUE,,,,,,https://cdn.download.ams.birds.cornell.edu/api/v1/asset/110149211/1800,TRUE
Kererū,Doves and Pigeons,,,,TRUE,,,,,,https://www.visitzealandia.com/portals/0/Images/Birds/Kereru-Brendon-Doran.jpg,TRUE
King Parrot,Parrots and Cockatoos etc,,,TRUE,,,,,,,https://cdn.download.ams.birds.cornell.edu/api/v1/asset/122710031/1800,TRUE
Kittiwake,Gulls and Terns,TRUE,,,,,,,,,https://cdn.download.ams.birds.cornell.edu/api/v1/asset/303332511/1800,
Knot,Waders,TRUE,,,,,,,,,https://birdaware.org/solent/wp-content/uploads/sites/2/2021/11/Knot-SS.jpg,
Lapwing,Waders,TRUE,,,,,,,,,https://base-prod.rspb-prod.magnolia-platform.com/dam/jcr:74131df0-df53-4f5c-883a-c826e083f804/2112682088-Species-Lapwing-stood-in-grass.jpg,
Large Billed Crow,Corvids Starlings and Thrushes,,,,,,,TRUE,,,https://cdn.download.ams.birds.cornell.edu/api/v1/asset/85864161/1800,
Large Billed Gerygone,,,,TRUE,,,,,,,https://cdn.download.ams.birds.cornell.edu/api/v1/asset/125546741/1800,
Laughing Kookaburra,Kingfishers,,,TRUE,,,,,,,https://upload.wikimedia.org/wikipedia/commons/9/9b/Laughing_kookaburra_dec08_02.jpg,TRUE
Leaden Flycatcher,,,,TRUE,,,,,,,https://cdn.download.ams.birds.cornell.edu/api/v1/asset/125815221/1800,
Lesser Black Backed Gull,Gulls and Terns,TRUE,,,,,,,,,https://cdn.download.ams.birds.cornell.edu/api/v1/asset/299867061/1800,
Lesser Kestrel,Birds of Prey,,,,,,,,TRUE,,https://cdn.download.ams.birds.cornell.edu/api/v1/asset/55027951/1800,
Lewin's Honeyeater,Honeyeaters,,,TRUE,,,,,,,https://cdn.download.ams.birds.cornell.edu/api/v1/asset/124415371/1800,
Linnet,Sparrows and Finches,TRUE,,,,,,,,,https://base-prod.rspb-prod.magnolia-platform.com/dam/jcr:d9701295-3cf7-4998-b409-688e41942720/2103007921-Species-common-linnet-in-tree.jpg,
Little Corella,Parrots and Cockatoos etc,,,TRUE,,,,,,,https://cdn.download.ams.birds.cornell.edu/api/v1/asset/122709071/1800,
Little Curlew,Waders,,,TRUE,,,,,,,https://cdn.download.ams.birds.cornell.edu/api/v1/asset/158684751/1800,
Little Egret,Herons and Egrets,TRUE,,,,TRUE,,,TRUE,,https://upload.wikimedia.org/wikipedia/commons/f/f1/Little_egret_%28Egretta_garzetta%29_Photograph_by_Shantanu_Kuveskar.jpg,
Little Grebe,Ducks Geese and Swans,TRUE,,,,,,,,,https://cdn.download.ams.birds.cornell.edu/api/v1/asset/242168551/1800,
Little Kingfisher,Kingfishers,,,TRUE,,,,,,,https://cdn.download.ams.birds.cornell.edu/api/v1/asset/121680971/1800,TRUE
Little Owl,Birds of Prey,TRUE,,,,,,,,,https://cdn.download.ams.birds.cornell.edu/api/v1/asset/255114001/1800,
Little Penguin,,,,TRUE,,,,,,,https://cdn.download.ams.birds.cornell.edu/api/v1/asset/116459461/1800,TRUE
Little Pied Cormorant,Cormorants and Shags,,,TRUE,,,,,,,https://cdn.download.ams.birds.cornell.edu/api/v1/asset/116562821/1800,
Little Ringed Plover,Waders,TRUE,,,,,,,,,https://upload.wikimedia.org/wikipedia/commons/b/bb/Flussregenpfeifer_im_flachen_Wasser_01.jpg,
Little Spiderhunter,,,,,,,,TRUE,,,https://cdn.download.ams.birds.cornell.edu/api/v1/asset/156742891/1200,
Little Wattlebird,,,,TRUE,,,,,,,https://cdn.download.ams.birds.cornell.edu/api/v1/asset/124421421/1800,
Long Tailed Shrike,,,TRUE,,,,,,,,https://cdn.download.ams.birds.cornell.edu/api/v1/asset/133755601/1800,
Long Tailed Tit,Tits,TRUE,,,,,,,TRUE,,https://cdn.download.ams.birds.cornell.edu/api/v1/asset/45029851/1800,
Magpie,Corvids Starlings and Thrushes,TRUE,,,,,,,,,https://base-prod.rspb-prod.magnolia-platform.com/dam/jcr:654b3e61-1f98-4ab1-827a-6bc321517942/___1850229250-Species-magpie-stood-on-branch_1.14086855069194369589.jpg,
Magpie Lark,,,,TRUE,,,,,,,https://cdn.download.ams.birds.cornell.edu/api/v1/asset/125802621/1800,
Mallard,Ducks Geese and Swans,TRUE,,,,,,,,,https://upload.wikimedia.org/wikipedia/commons/b/bf/Anas_platyrhynchos_male_female_quadrat.jpg,
Manx Shearwater,Gulls and Terns,TRUE,,,,,,,,,https://cdn.download.ams.birds.cornell.edu/api/v1/asset/297641041/1800,
Marsh Harrier,Birds of Prey,TRUE,,,,,,,TRUE,,https://www.thetimes.co.uk/imageserver/image/%2Fmethode%2Fsundaytimes%2Fprod%2Fweb%2Fbin%2F747b6078-4cf8-11eb-81f9-1b786036a268.jpg?crop=1200%2C1500%2C525%2C0,
Marsh Tit,Tits,TRUE,,,,,,,,,https://base-prod.rspb-prod.magnolia-platform.com/dam/jcr:f58ff20e-4a79-4a6d-b3f9-82fd57ea1996/521777341-Species-Marsh-tit-on-branch.jpg,
Masked Lapwing,Waders,,,TRUE,TRUE,,,,,,https://cdn.download.ams.birds.cornell.edu/api/v1/asset/117374591/1800,TRUE
Meadow Pipit,,TRUE,,,,,,,,,https://upload.wikimedia.org/wikipedia/commons/b/b7/Wiesenpieper_Meadow_pipit.jpg,
Mediterranean Gull,Gulls and Terns,TRUE,,,,,,,,,https://cdn.download.ams.birds.cornell.edu/api/v1/asset/253700151/1800,
Metallic Starling ,Corvids Starlings and Thrushes,,,TRUE,,,,,,,https://cdn.download.ams.birds.cornell.edu/api/v1/asset/288887951/,TRUE
Mistle Thrush,Corvids Starlings and Thrushes,TRUE,,,,,,,,,https://cdn.download.ams.birds.cornell.edu/api/v1/asset/45044211/1800,
Monk Parakeet,Parrots and Cockatoos etc,,,,,,,,TRUE,,https://cdn.download.ams.birds.cornell.edu/api/v1/asset/191549451/1200,
Mute Swan,Ducks Geese and Swans,TRUE,,,,,,,,,https://upload.wikimedia.org/wikipedia/commons/3/35/Mute_swan_Vrhnika.jpg,
Nankeen Kestrel,Birds of Prey,,,TRUE,,,,,,,https://upload.wikimedia.org/wikipedia/commons/8/81/Falco_cenchroides_-_Bushell%27s_Lagoon.jpg,
New Holland Honey Eater,Honeyeaters,,,TRUE,,,,,,,https://cdn.download.ams.birds.cornell.edu/api/v1/asset/125388631/1800,TRUE
New Zealand Bellbird,,,,,TRUE,,,,,,https://cdn.download.ams.birds.cornell.edu/api/v1/asset/110232981/1800,
New Zealand Dabchick,Ducks Geese and Swans,,,,TRUE,,,,,,https://cdn.download.ams.birds.cornell.edu/api/v1/asset/342293371/1800,
New Zealand Falcon,Birds of Prey,,,,TRUE,,,,,,https://cdn.download.ams.birds.cornell.edu/api/v1/asset/110148331/1800,
New Zealand Fantail,,,,,TRUE,,,,,,https://cdn.download.ams.birds.cornell.edu/api/v1/asset/110236131/1800,TRUE
New Zealand King Shag,Cormorants and Shags,,,,TRUE,,,,,,https://upload.wikimedia.org/wikipedia/commons/2/2c/New_zealand_king_shag.jpg,
New Zealand Scaup,Ducks Geese and Swans,,,,TRUE,,,,,,https://cdn.download.ams.birds.cornell.edu/api/v1/asset/110123721/1800,
Noisy Miner,Honeyeaters,,,TRUE,,,,,,,https://cdn.download.ams.birds.cornell.edu/api/v1/asset/124418631/1800,
North Island Robin ,,,,,TRUE,,,,,,https://cdn.download.ams.birds.cornell.edu/api/v1/asset/223329251/1800,
North Island Saddleback,,,,,TRUE,,,,,,https://cdn.download.ams.birds.cornell.edu/api/v1/asset/110235381/900,TRUE
Northern Pintail,Ducks Geese and Swans,TRUE,,,,,,,,,https://cdn.download.ams.birds.cornell.edu/api/v1/asset/301309501/1800,
Northern Royal Albatross,,,,,TRUE,,,,,,https://nzbirdsonline.org.nz/sites/all/files/IMG_4027.jpg,TRUE
Northern Shoveler,Ducks Geese and Swans,TRUE,,,,,,,,,https://cdn.download.ams.birds.cornell.edu/api/v1/asset/300124811/1800,
Nuthatch,,TRUE,,,,,,,,,https://base-prod.rspb-prod.magnolia-platform.com/dam/jcr:5f292d68-3459-4068-9644-4b0b70452038/269094545-Species-Nuthatch-on-branch-looking-up.jpg,
Olive Backed Sunbird,,,,TRUE,,TRUE,,TRUE,,,https://cdn.download.ams.birds.cornell.edu/api/v1/asset/125932001/1800,TRUE
Orange Footed Scrub Fowl,,,,TRUE,,,,,,,https://cdn.download.ams.birds.cornell.edu/api/v1/asset/244175871/1800,
Oriental Magpie Robin,,,,,,,TRUE,TRUE,,,https://cdn.download.ams.birds.cornell.edu/api/v1/asset/126371241/1800,
Oriental White-Eye,,,TRUE,,,,,,,,https://www.birdsofgilgit.com/birds/images/Oriental%20White%20eye.jpg,
Otago Shag,Cormorants and Shags,,,,TRUE,,,,,,https://cdn.download.ams.birds.cornell.edu/api/v1/asset/206007771/,
Oystercatcher,Waders,TRUE,,,,,,,,,https://base-prod.rspb-prod.magnolia-platform.com/dam/jcr:cf091aa0-991d-48b2-8beb-5a794c792f1a/2027456957-Species-Oystercatcher-two-oysercatchers-walking-on-rocks.jpg,
Pacific Black Duck ,Ducks Geese and Swans,,,TRUE,,,,,,,https://cdn.download.ams.birds.cornell.edu/api/v1/asset/116455961/1800,
Pacific Swallow,Hirundines,,,,,TRUE,,,,,https://cdn.download.ams.birds.cornell.edu/api/v1/asset/158861301/1800,
Pacific Swift,Hirundines,,,TRUE,,,,,,,https://cdn.download.ams.birds.cornell.edu/api/v1/asset/158861431/1800,
Painted Stork,,,,,,,TRUE,,,,https://upload.wikimedia.org/wikipedia/commons/3/39/Painted_stork_%28Mycteria_leucocephala%29_Bundala.jpg,
Pale Yellow Robin,,,,TRUE,,,,,,,https://cdn.download.ams.birds.cornell.edu/api/v1/asset/125910931/1800,
Papuan Frogmouth,,,,TRUE,,,,,,,https://cdn.download.ams.birds.cornell.edu/api/v1/asset/172297141/1800,TRUE
Paradise Shelduck,Ducks Geese and Swans,,,,TRUE,,,,,,https://cdn.download.ams.birds.cornell.edu/api/v1/asset/110240061/1800,
Peaceful Dove,Doves and Pigeons,,,TRUE,,,,,,,https://cdn.download.ams.birds.cornell.edu/api/v1/asset/122178411/1800,
Penduline Tit,Tits,TRUE,,,,,,,,,https://upload.wikimedia.org/wikipedia/commons/a/a5/Remiz_pendulinus_3_%28Martin_Mecnarowski%29.jpg,
Peregrine Falcon,Birds of Prey,TRUE,,,,,,,,,https://cdn.download.ams.birds.cornell.edu/api/v1/asset/60410441/1800,
Pheasant,,TRUE,,,,,,,,,https://base-prod.rspb-prod.magnolia-platform.com/dam/jcr:6389b256-5fc9-4a5d-bae0-cde2b90695ad/1899503107-Species-Pheasant-MALE-and-FEMALE-stood-next-to-eachother-on-grass.jpg,
Pied Butcherbird,,,,TRUE,,,,,,,https://cdn.download.ams.birds.cornell.edu/api/v1/asset/125702261/1800,
Pied Currawong,Corvids Starlings and Thrushes,,,TRUE,,,,,,,https://cdn.download.ams.birds.cornell.edu/api/v1/asset/125703661/1800,
Pied Fantail,,,,,,,,TRUE,,,https://cdn.download.ams.birds.cornell.edu/api/v1/asset/378983431/1800,
Pied Oystercatcher,Waders,,,TRUE,,,,,,,https://cdn.download.ams.birds.cornell.edu/api/v1/asset/122311761/1800,
Pied Stilt,Waders,,,,TRUE,,,,,,https://cdn.download.ams.birds.cornell.edu/api/v1/asset/117373471/1800,
Pink Footed Goose,Ducks Geese and Swans,TRUE,,,,,,,,,https://aminus3.s3.amazonaws.com/image/g0023/u00022832/i01393202/4b4441e5ff3597b2479cc8b128d4e1de_large.jpg,
Pink Necked Green Pigeon,Doves and Pigeons,,,,,,TRUE,,,,https://cdn.download.ams.birds.cornell.edu/api/v1/asset/219466701/1800,TRUE
Plain Prinia,,,,,,TRUE,,,,,https://cdn.download.ams.birds.cornell.edu/api/v1/asset/126403111/1800,
Pochard,Ducks Geese and Swans,TRUE,,,,,,,,,https://cdn.download.ams.birds.cornell.edu/api/v1/asset/241987301/1800,
Pūkeko,Crakes and Rails,,,,TRUE,,,,,,https://upload.wikimedia.org/wikipedia/commons/4/44/Porphyrio_porphyrio_-Waikawa%2C_Marlborough%2C_New_Zealand-8.jpg,
Purple Sandpiper,Waders,TRUE,,,,,,,,,https://cdn.download.ams.birds.cornell.edu/api/v1/asset/301491311/1800,
Purple Sunbird,,,,,,,,TRUE,,,https://cdn.download.ams.birds.cornell.edu/api/v1/asset/126385421/1800,TRUE
Radjah Shelduck,Ducks Geese and Swans,,,TRUE,,,,,,,https://cdn.download.ams.birds.cornell.edu/api/v1/asset/121402671/1800,
Rainbow Bee Eater,Bee Eaters,,,TRUE,,,,,,,https://birdlife.org.au/wp-content/uploads/2022/11/Kelvin-Marshall-Rainbow-bee-eater-1.jpg,TRUE
Rainbow Lorikeet,Parrots and Cockatoos etc,,,TRUE,,,,,,,https://upload.wikimedia.org/wikipedia/commons/thumb/c/c2/Rainbow_lorikeet.jpg/800px-Rainbow_lorikeet.jpg,TRUE
Razorbill,,TRUE,,,,,,,,,https://cdn.download.ams.birds.cornell.edu/api/v1/asset/302767751/900,
Red Bearded Bee Eater,Bee Eaters,,,,,,,TRUE,,,https://blog.nationalgeographic.org/wp-content/uploads/2020/02/Red-bearded-Bee-eater-Nyctyornis-amictus-perakmalaysia-Photographed-by-Kelvin-Low-.jpg,TRUE
Red Billed Chough,Corvids Starlings and Thrushes,TRUE,,,,,,,TRUE,,https://cdn.download.ams.birds.cornell.edu/api/v1/asset/54017541/1800,
Red Billed Gull,Gulls and Terns,,,,TRUE,,,,,,https://upload.wikimedia.org/wikipedia/commons/e/e1/Chroicocephalus_novaehollandiae_scopulinus%2C_Kaik%C5%8Dura%2C_New_Zealand_08.jpg,
Red Breasted Merganser,,TRUE,,,,,,,,,https://cdn.download.ams.birds.cornell.edu/api/v1/asset/302119101/1800,
Red Browed Finch,Sparrows and Finches,,,TRUE,,,,,,,https://cdn.download.ams.birds.cornell.edu/api/v1/asset/125933061/1800,
Red Capped Plover,Waders,,,TRUE,,,,,,,https://cdn.download.ams.birds.cornell.edu/api/v1/asset/122133881/1800,
Red Collared Dove,Doves and Pigeons,,,,,,,TRUE,,,https://cdn.download.ams.birds.cornell.edu/api/v1/asset/85868861/1800,
Red Kite,Birds of Prey,TRUE,,,,,,,,,https://c02.purpledshub.com/uploads/sites/62/2022/04/Red-Kite-in-flight-blue-sky-RSPB-1062540-2f8f720.jpg,
Red Legged Partridge,,TRUE,,,,,,,,Alan!!,https://cdn.download.ams.birds.cornell.edu/api/v1/asset/168721251/1800,
Red Necked Grebe,Ducks Geese and Swans,TRUE,,,,,,,,,https://cdn.download.ams.birds.cornell.edu/api/v1/asset/65057131/1800,
Red Throated Barbet,,,,,,,,TRUE,,,https://cdn.download.ams.birds.cornell.edu/api/v1/asset/221147761/1800,TRUE
Red Throated Diver,,TRUE,,,,,,,,,https://cdn.download.ams.birds.cornell.edu/api/v1/asset/306758371/1800,
Red Wattlebird,,,,TRUE,,,,,,,https://cdn.download.ams.birds.cornell.edu/api/v1/asset/124422521/1800,
Red Whiskered Bulbul,Bulbuls,,TRUE,,,,,TRUE,,,https://www.agric.wa.gov.au/sites/gateway/files/Bulbul%20Jay%20Yeung%202010_FOR%20USE%20IN%20PEST%20ALERT%20ONLY.jpg,
Redwing,Corvids Starlings and Thrushes,TRUE,,,,,,,,,https://cdn.download.ams.birds.cornell.edu/api/v1/asset/261729761/1800,
Reed Bunting,,TRUE,,,,,,,,,https://base-prod.rspb-prod.magnolia-platform.com/dam/jcr:9a314635-ca14-4325-90b3-d2fec961a0a5/1816897943-Species-Reed-Bunting-MALE-Stood-on-single-reed.jpg,
Reed Warbler,Warblers,TRUE,,,,,,,,,https://cdn.download.ams.birds.cornell.edu/api/v1/asset/168817581/1800,
River Warbler,Warblers,TRUE,,,,,,,,Rare bird seen at Ham Wall RSPB,https://cdn.download.ams.birds.cornell.edu/api/v1/asset/169278801/1800,
Rock Pipit,,TRUE,,,,,,,,,https://base-prod.rspb-prod.magnolia-platform.com/dam/jcr:717d426f-6690-4ae6-a431-4c6f87e35fb2/758477254-Species-Rock-Pipit-Stood-on-rock.jpg,
Rook,Corvids Starlings and Thrushes,TRUE,,,,,,,,,https://cdn.download.ams.birds.cornell.edu/api/v1/asset/44959001/900,
Rose Ringed Parakeet,Parrots and Cockatoos etc,TRUE,,,,,,,TRUE,,https://cdn.download.ams.birds.cornell.edu/api/v1/asset/256173651/1800,
Rosella,Parrots and Cockatoos etc,,,TRUE,,,,,,,https://upload.wikimedia.org/wikipedia/commons/0/01/Platycercus_elegans_Wilsons_Prom.jpg,
Royal Spoonbill,,,,,TRUE,,,,,,https://cdn.download.ams.birds.cornell.edu/api/v1/asset/117371791/1800,TRUE
Ruff,Waders,TRUE,,,,,,,,,https://base-prod.rspb-prod.magnolia-platform.com/dam/jcr:0bec7345-9497-41bf-840c-a129774317e9/1393565051-Species-Ruff-MALE-ruffed-up-feathers.jpg,
Rufous Fantail,,,,TRUE,,,,,,,https://cdn.download.ams.birds.cornell.edu/api/v1/asset/125800551/1800,TRUE
Rufous Shrike Thrush,Corvids Starlings and Thrushes,,,TRUE,,,,,,,https://cdn.download.ams.birds.cornell.edu/api/v1/asset/125785811/1800,
Sacred Kingfisher,Kingfishers,,,,TRUE,,,,,,https://cdn.download.ams.birds.cornell.edu/api/v1/asset/117490281/1800,
Sand Martin,Hirundines,TRUE,,,,,,,TRUE,,https://www.thehallofeinar.com/wp-content/uploads/2020/06/Sand-Martin-The-Hall-of-Einar-1.jpg,
Sanderling,Waders,TRUE,,TRUE,,,,,,,https://upload.wikimedia.org/wikipedia/commons/7/73/Calidris_alba_-_Laem_Phak_Bia.jpg,
Sandwich Tern,Gulls and Terns,TRUE,,,,,,,,,https://cdn.download.ams.birds.cornell.edu/api/v1/asset/170561151/1800,
Scaly Breasted Munia,Sparrows and Finches,,,TRUE,,TRUE,,,,,https://cdn.download.ams.birds.cornell.edu/api/v1/asset/97646291/1800,TRUE
Scarlet Headed Flower Pecker,,,,,,TRUE,,,,,https://cdn.download.ams.birds.cornell.edu/api/v1/asset/255232291/1800,
Scarlet Minivet,,,TRUE,,,,,,,,https://live.staticflickr.com/7297/16456583036_628cdcd7d6_n.jpg,TRUE
Sedge Warbler,Warblers,TRUE,,,,,,,,,https://base-prod.rspb-prod.magnolia-platform.com/dam/jcr:a9278e05-ef62-4469-a916-23da9ceeab86/1854908848-Species-Sedge-Warbler-on-stick.jpg,
Shelduck,Ducks Geese and Swans,TRUE,,,,,,,,,https://base-prod.rspb-prod.magnolia-platform.com/dam/jcr:e57780fc-d67f-4e57-9e8c-305344a33cc0/1446876767-Species-Shelduck-MALE-2-duck-in-water-in-light.jpg,
Shining Flycatcher,,,,TRUE,,,,,,,https://cdn.download.ams.birds.cornell.edu/api/v1/asset/398440801/1200,TRUE
Short Eared Owl,Birds of Prey,TRUE,,,,,,,,,https://base-prod.rspb-prod.magnolia-platform.com/dam/jcr:cf9a4925-97b5-4c66-8ac4-e607ffdbdcda/1866982024-Species-Short-Eared-Owl-flying-on-turn-towards-camera.jpg,
Short Toed Treecreeper,,,,,,,,,TRUE,,https://upload.wikimedia.org/wikipedia/commons/thumb/0/0d/Short-toed_treecreeper_%28Certhia_brachydactyla_megarhynchos%29.jpg/800px-Short-toed_treecreeper_%28Certhia_brachydactyla_megarhynchos%29.jpg,
Silver Eye,,,,TRUE,,,,,,,https://cdn.download.ams.birds.cornell.edu/api/v1/asset/117506381/1800,
Silver Gull,Gulls and Terns,,,TRUE,,,,,,,https://cdn.download.ams.birds.cornell.edu/api/v1/asset/110144521/1800,
Singing Honey Eater,Honeyeaters,,,TRUE,,,,,,,https://cdn.download.ams.birds.cornell.edu/api/v1/asset/124441901/1800,
Siskin,Sparrows and Finches,TRUE,,,,,,,,,https://cdn.download.ams.birds.cornell.edu/api/v1/asset/256517901/1800,
Snipe,Waders,TRUE,,,,,,,,,https://base-prod.rspb-prod.magnolia-platform.com/dam/jcr:8b40b10a-c66d-4067-b5df-fe1d3cb31f7c/1614653728-Species-Snipe-stood-on-post.jpg,
Song Thrush,Corvids Starlings and Thrushes,TRUE,,,,,,,,,https://cdn.download.ams.birds.cornell.edu/api/v1/asset/256763571/1800,
Sooty Headed Bulbul,Bulbuls,,,,,TRUE,,,,,https://cdn.download.ams.birds.cornell.edu/api/v1/asset/223452411/1800,
Sooty Oystercatcher,Waders,,,TRUE,,,,,,,https://cdn.download.ams.birds.cornell.edu/api/v1/asset/246750531/,TRUE
South Island Pied Oystercatcher,Waders,,,,TRUE,,,,,,https://cdn.download.ams.birds.cornell.edu/api/v1/asset/110138841/1800,
South Island Robin,,,,,TRUE,,,,,,https://cdn.download.ams.birds.cornell.edu/api/v1/asset/188767471/1800,
South Island Takahē,Crakes and Rails,,,,TRUE,,,,,,https://cdn.download.ams.birds.cornell.edu/api/v1/asset/110138261/1800,
Southern Black Backed Gull,Gulls and Terns,,,,TRUE,,,,,,https://nzbirdsonline.org.nz/sites/all/files/Black%20bill%20gull%20copy.jpg,
Southern Cassowary,,,,TRUE,,,,,,,https://cdn.download.ams.birds.cornell.edu/api/v1/asset/121400271/1800,TRUE
Spangled Drongo,,,,TRUE,,,,,,,https://cdn.download.ams.birds.cornell.edu/api/v1/asset/125798661/1800,
Spotted Dove,Doves and Pigeons,,TRUE,TRUE,,TRUE,TRUE,TRUE,,,https://cdn.download.ams.birds.cornell.edu/api/v1/asset/85868591/1800,
Spotted Flycatcher,,TRUE,,,,,,,TRUE,,https://www.birdspot.co.uk/wp-content/uploads/2021/04/spotted-flycatcher.jpg,
Spotted Shag,Cormorants and Shags,,,,TRUE,,,,,,https://cdn.download.ams.birds.cornell.edu/api/v1/asset/110243671/1800,
Stock Dove,Doves and Pigeons,TRUE,,,,,,,,,https://cdn.download.ams.birds.cornell.edu/api/v1/asset/242172531/1800,
Stonechat,,TRUE,,,,,,,,,https://upload.wikimedia.org/wikipedia/commons/d/d7/Stonechat_%28Saxicola_rubicola%29_male%2C_Beaulieu%2C_Hampshire.jpg,
Striated Heron,Herons and Egrets,,,TRUE,,,,,,,https://cdn.download.ams.birds.cornell.edu/api/v1/asset/56638961/1800,
Striated Swallow,Hirundines,,,,,TRUE,,,,,https://cdn.download.ams.birds.cornell.edu/api/v1/asset/157502851/900,
Stripe Throated Bulbul,Bulbuls,,,,,,,TRUE,,,https://cdn.download.ams.birds.cornell.edu/api/v1/asset/223452431/1800,
Sulphur Crested Cockatoo,Parrots and Cockatoos etc,,,TRUE,,,,,,,https://upload.wikimedia.org/wikipedia/commons/thumb/a/a9/Cacatua_galerita_Tas_2.jpg/640px-Cacatua_galerita_Tas_2.jpg,TRUE
Superb Fairy Wren,,,,TRUE,,,,,,,https://i.guim.co.uk/img/media/81cf1247719d19e3a59b08577e12485e439a5ce4/0_225_3425_2054/master/3425.jpg?width=1200&height=1200&quality=85&auto=format&fit=crop&s=41dcc2ab2ac8e3c1e2a99aa3050d22d9,TRUE
Superb Starling,Corvids Starlings and Thrushes,,,,,,TRUE,,,Escapee,https://cdn.download.ams.birds.cornell.edu/api/v1/asset/247082291/1800,TRUE
Swamp Harrier,Birds of Prey,,,,TRUE,,,,,,https://cdn.download.ams.birds.cornell.edu/api/v1/asset/117372031/1800,
Tawny Owl,Birds of Prey,TRUE,,,,,,,,,https://cdn.download.ams.birds.cornell.edu/api/v1/asset/255116841/1800,
Torresian Imperial Pigeon,Doves and Pigeons,,,TRUE,,,,,,,https://cdn.download.ams.birds.cornell.edu/api/v1/asset/122289351/1800,
Tree Martin,Hirundines,,,TRUE,,,,,,,https://cdn.download.ams.birds.cornell.edu/api/v1/asset/125925451/1800,
Tree Sparrow,Sparrows and Finches,TRUE,TRUE,,,TRUE,TRUE,TRUE,,test test,https://upload.wikimedia.org/wikipedia/commons/9/98/Tree_Sparrow_August_2007_Osaka_Japan.jpg,
Treecreeper,,TRUE,,,,,,,,,https://cdn.download.ams.birds.cornell.edu/api/v1/asset/45747961/1800,
Tufted Duck,Ducks Geese and Swans,TRUE,,,,,,,,,https://cdn.download.ams.birds.cornell.edu/api/v1/asset/301541481/1800,
Tūī,,,,,TRUE,,,,,,https://cdn.download.ams.birds.cornell.edu/api/v1/asset/223399971/1800,TRUE
Turnstone,Waders,TRUE,,,,,,,,,https://upload.wikimedia.org/wikipedia/commons/thumb/e/e9/Arenaria_interpres_%28habitus%29.jpg/800px-Arenaria_interpres_%28habitus%29.jpg,
Turtle Dove,Doves and Pigeons,TRUE,,,,,,,,,https://base-prod.rspb-prod.magnolia-platform.com/dam/jcr:4970c1e6-15e8-4f36-b76f-1f3eb70299fb/1735491446-Species-Turtle-dove-on-branch.jpg,
Variable Oystercatcher,Waders,,,,TRUE,,,,,,https://cdn.download.ams.birds.cornell.edu/api/v1/asset/110139911/1800,
Water Pipit,,TRUE,,,,,,,,,https://cdn.download.ams.birds.cornell.edu/api/v1/asset/257681771/1800,
Waxwing,null,TRUE,,,,,,,,,https://c02.purpledshub.com/uploads/sites/62/2022/11/Bohemian-waxwing.-GettyImages-999970396-c9d4df1.jpg,
Weka,Crakes and Rails,,,,TRUE,,,,,,https://cdn.download.ams.birds.cornell.edu/api/v1/asset/223499431/1800,TRUE
Welcome Swallow,Hirundines,,,TRUE,,,,,,,https://cdn.download.ams.birds.cornell.edu/api/v1/asset/117504911/1800,
Western Subalpine Warbler,,,,,,,,,TRUE,,https://www.birdguides-cdn.com/cdn/articles/1subalp.jpg,
Wheatear,,TRUE,,,,,,,,,https://cdn.download.ams.birds.cornell.edu/api/v1/asset/254024051/1800,
Whimbrel ,Waders,TRUE,,TRUE,,,,,,,https://cdn.download.ams.birds.cornell.edu/api/v1/asset/301232671/1800,
Whistling Kite,Birds of Prey,,,TRUE,,,,,,,https://upload.wikimedia.org/wikipedia/commons/3/3c/Haliastur_sphenurus_2_-_Pitt_Town.jpg,
White Bellied Sea Eagle,Birds of Prey,,,TRUE,,,,,,,https://cdn.download.ams.birds.cornell.edu/api/v1/asset/121678791/1800,TRUE
White Breasted Waterhen,Crakes and Rails,,,,,,,TRUE,,,https://cdn.download.ams.birds.cornell.edu/api/v1/asset/126392311/1800,
White Breasted Woodswallow,Hirundines,,,TRUE,,,,,,,https://cdn.download.ams.birds.cornell.edu/api/v1/asset/398398381/1200,TRUE
White Browed Crake,Crakes and Rails,,TRUE,,,,,,,,https://upload.wikimedia.org/wikipedia/commons/3/3a/Porzana_cinerea_-_Bueng_Boraphet.jpg,
White Capped Munia,Sparrows and Finches,,,,,TRUE,,,,,https://cdn.download.ams.birds.cornell.edu/api/v1/asset/143019641/1800,TRUE
White Cheeked Honeyeater,Honeyeaters,,,TRUE,,,,,,,https://cdn.download.ams.birds.cornell.edu/api/v1/asset/125390001/1800,
White Faced Heron,Herons and Egrets,,,TRUE,,,,,,,https://cdn.download.ams.birds.cornell.edu/api/v1/asset/117370621/1800,
White Fronted Tern,Gulls and Terns,,,,TRUE,,,,,,https://cdn.download.ams.birds.cornell.edu/api/v1/asset/117487661/1800,
White Rumped Munia,Sparrows and Finches,,,,,,,TRUE,,,https://cdn.download.ams.birds.cornell.edu/api/v1/asset/133941271/1800,
White Rumped Shama,,,,,,,,TRUE,,,https://cdn.download.ams.birds.cornell.edu/api/v1/asset/97323461/1800,TRUE
White Stork,,,,,,,,,TRUE,,https://www.birdnote.org/sites/default/files/WhiteStorkJosEijsackers.jpg,
White Throated Kingfisher,Kingfishers,,,,,,TRUE,,,,https://cdn.download.ams.birds.cornell.edu/api/v1/asset/126564101/1800,
White Wagtail,,TRUE,,,,,,,TRUE,,https://cdn.download.ams.birds.cornell.edu/api/v1/asset/44586821/1800,
Whitehead,,,,,TRUE,,,,,,https://cdn.download.ams.birds.cornell.edu/api/v1/asset/110233811/1800,
Whitethroat,,TRUE,,,,,,,,,https://cdn.download.ams.birds.cornell.edu/api/v1/asset/256746661/1800,
Wigeon,Ducks Geese and Swans,TRUE,,,,,,,,,https://cdn.download.ams.birds.cornell.edu/api/v1/asset/300137371/1800,
Willie Wagtail,,,,TRUE,,,,,,,https://cdn.download.ams.birds.cornell.edu/api/v1/asset/125799231/1800,TRUE
Willow Warbler,Warblers,TRUE,,,,,,,,,https://cdn.download.ams.birds.cornell.edu/api/v1/asset/178515121/1800,
Wood Pigeon,Doves and Pigeons,TRUE,,,,,,,TRUE,,https://cdn.download.ams.birds.cornell.edu/api/v1/asset/242173971/1800,
Woodcock,Waders,TRUE,,,,,,,,,https://www.birdguides-cdn.com/cdn/gallery/birds/20210212_7021.jpg?&width=1200&height=630&mode=crop&format=webp&webp.quality=85&scale=down,
Yellow Tailed Black Cockatoo,Parrots and Cockatoos etc,,,TRUE,,,,,,,https://cdn.download.ams.birds.cornell.edu/api/v1/asset/122684931/1800,TRUE
Yellow Vented Bulbul,Bulbuls,,,,,TRUE,TRUE,TRUE,,,https://cdn.download.ams.birds.cornell.edu/api/v1/asset/223452631/1800,
Yellow Wagtail,,TRUE,,,,,,,,,https://www.birdguides-cdn.com/cdn/articles/1-AGAMI-Western-Yellow-Wagtail-Motacilla-flava-flavissima_Morocco_29-04-18_Saverio-Gatto-124359.jpg,
Zebra Dove,Doves and Pigeons,,TRUE,,,TRUE,TRUE,TRUE,,,https://cdn.download.ams.birds.cornell.edu/api/v1/asset/97298941/1800,
Zitting Cisticola,,,,,,TRUE,,,,,https://cdn.download.ams.birds.cornell.edu/api/v1/asset/256553441/1800,TRUE
